INSERT INTO Languages (name, number_of_native_speakers)
VALUES ('English', 1348000000),
       ('Spanish', 543000000),
       ('Chinese', 1120000000),
       ('Italian', 65000000),
       ('German', 76000000),
       ('Russian', 258000000),
       ('Portuguese', 258000000),
       ('Arabic', 274000000),
       ('Hindi', 600000000),
       ('Japanese', 126000000),
       ('Korean', 82000000),
       ('French', 267000000);

INSERT INTO Continents (name, area)
VALUES ('Asia', 31033131),
       ('Africa', 29648481),
       ('Europe', 22134900),
       ('North America', 213330000),
       ('South America', 17461112),
       ('Australia/Oceania', 8486460),
       ('Antarctica', 1372000);

INSERT INTO Seas (name, area, max_depth)
VALUES ('Mediterranean', 2510000, 5267),
       ('Carribbean', 2754000, 7686),
       ('Bering sea', 2000000, 3936),
       ('Gulf of Mexico', 1550000, 4384),
       ('Barents sea', 1400000, 600),
       ('South China sea', 3500000, 5559),
       ('Sea of Japan', 978000, 3742);

INSERT INTO Oceans (name, area, max_depth)
VALUES ('Atlantic', 85133000, 8486),
       ('Pacific', 168723000, 11022),
       ('Indian', 70560000, 8047),
       ('Arctic', 15558000, 5450),
       ('Southern', 21960000, 7236); 

INSERT INTO Mountains (name, height)
VALUES ('Mount Everest', 8846),
       ('K2', 8611),
       ('Aconcagua', 6962),
       ('Ojos del Salado', 6891),
       ('Namcha Barwa', 7782),
       ('Mount Logan', 5959),
       ('Mount Elbrus', 5462),
       ('Mont Blanc', 4810),
       ('Mount Lincoln', 4354),
       ('Nordend', 4609);

INSERT INTO Currency (name, currency_code)
VALUES ('Euro', 'EUR'),
       ('Australian dollar', 'AUD'),
       ('United States dollar', 'EUR'),
       ('Canadian dollaR', 'CAD'),
       ('Colombian peso', 'COP'),
       ('Czech koruna', 'CZK'),
       ('Danish krone', 'DKK'),
       ('Indian rupee', 'INR'),
       ('Israeli new shekel', 'ILS'),
       ('Japanese yen', 'JPY'),
       ('Swiss franc', 'CHF'),
       ('Nepalese rupee', 'NPR'),
       ('New Zealand dollar', 'NZD'),
       ('Norwegian krone', 'NOK'),
       ('Polish zloty', 'PLN'),
       ('Qatari riyal', 'QAR'),
       ('Russian ruble', 'RUB'),
       ('Turkish lira', 'TRY'),
       ('Yuan Renminbi', 'CNY'),
       ('Pound sterling', 'GBR');


insert into Current_heads_of_states (head_of_state_id, first_name, last_name, date_of_birth, title) values (1, 'Scott', 'Morrison', '1968-05-13', 'Prime Minister');
insert into Current_heads_of_states (head_of_state_id, first_name, last_name, date_of_birth, title) values (2, 'Alexander', 'Van der Bellen', '1986-08-27', 'President');
insert into Current_heads_of_states (head_of_state_id, first_name, last_name, date_of_birth, title) values (3, 'Jair', 'Bolsonaro', '1955-03-21', 'President');
insert into Current_heads_of_states (head_of_state_id, first_name, last_name, date_of_birth, title) values (4, 'Justin', 'Trudeau', '1977-10-26', 'Prime Minister');
insert into Current_heads_of_states (head_of_state_id, first_name, last_name, date_of_birth, title) values (5, 'Sebastián', 'Piñera', '1954-02-04', 'President');
insert into Current_heads_of_states (head_of_state_id, first_name, last_name, date_of_birth, title) values (6, 'Iván', 'Duque', '1965-07-16', 'President');
insert into Current_heads_of_states (head_of_state_id, first_name, last_name, date_of_birth, title) values (7, 'Xi', 'Jinping', '1953-08-30', 'President');
insert into Current_heads_of_states (head_of_state_id, first_name, last_name, date_of_birth, title) values (8, 'Miguel', 'Díaz-Canel', '1960-09-03', 'President');
insert into Current_heads_of_states (head_of_state_id, first_name, last_name, date_of_birth, title) values (9, 'Margrethe', 'Dreakin', '1969-01-26', 'Prime Minister');
insert into Current_heads_of_states (head_of_state_id, first_name, last_name, date_of_birth, title) values (10, 'Mostafa', 'Madbouly', '1965-08-13', 'Prime Minister');
insert into Current_heads_of_states (head_of_state_id, first_name, last_name, date_of_birth, title) values (11, 'Sanna', 'Marin', '1981-04-19', 'Prime Minister');
insert into Current_heads_of_states (head_of_state_id, first_name, last_name, date_of_birth, title) values (12, 'Emmanuel', 'Macron', '1977-04-02', 'President');
insert into Current_heads_of_states (head_of_state_id, first_name, last_name, date_of_birth, title) values (13, 'Angela', 'Merkel', '1954-12-15', 'Federal Chancellor');
insert into Current_heads_of_states (head_of_state_id, first_name, last_name, date_of_birth, title) values (14, 'Kyriakos', 'Mitsotakis', '1963-11-19', 'Prime Minister');
insert into Current_heads_of_states (head_of_state_id, first_name, last_name, date_of_birth, title) values (15, 'Viktor', 'Orbán', '1962-11-09', 'Prime Minister');
insert into Current_heads_of_states (head_of_state_id, first_name, last_name, date_of_birth, title) values (16, 'Sergio', 'Mattarella', '1951-07-19', 'President');
insert into Current_heads_of_states (head_of_state_id, first_name, last_name, date_of_birth, title) values (17, 'Yoshihide', 'Suga', '1959-08-14', 'Prime Minister');
insert into Current_heads_of_states (head_of_state_id, first_name, last_name, date_of_birth, title) values (18, 'Krišjānis', 'Kariņš', '1972-09-20', 'Prime Minister');
insert into Current_heads_of_states (head_of_state_id, first_name, last_name, date_of_birth, title) values (19, 'Andrés Manuel', 'López Obrador', '1963-10-02', 'President');
insert into Current_heads_of_states (head_of_state_id, first_name, last_name, date_of_birth, title) values (20, 'Zdravko', 'Krivokapić', '1964-09-04', 'Prime Minister');
insert into Current_heads_of_states (head_of_state_id, first_name, last_name, date_of_birth, title) values (21, 'K. P. Sharma', 'Oli', '1952-05-30', 'Prime Minister');
insert into Current_heads_of_states (head_of_state_id, first_name, last_name, date_of_birth, title) values (22, 'Mark', 'Rutte', '1974-07-30', 'Prime Minister');
insert into Current_heads_of_states (head_of_state_id, first_name, last_name, date_of_birth, title) values (23, 'Jacinda', 'Ardern', '1980-03-09', 'Prime Minister');
insert into Current_heads_of_states (head_of_state_id, first_name, last_name, date_of_birth, title) values (24, 'Muhammadu', 'Buhari', '1942-03-12', 'President');
insert into Current_heads_of_states (head_of_state_id, first_name, last_name, date_of_birth, title) values (25, 'Erna', 'Solberg', '1961-06-18', 'Prime Minister');
insert into Current_heads_of_states (head_of_state_id, first_name, last_name, date_of_birth, title) values (26, 'Mahmoud', 'Abbas', '1952-07-14', 'President');
insert into Current_heads_of_states (head_of_state_id, first_name, last_name, date_of_birth, title) values (27, 'Francisco', 'Sagasti', '1941-06-05', 'Interim President');
insert into Current_heads_of_states (head_of_state_id, first_name, last_name, date_of_birth, title) values (28, 'Andrzej', 'Duda', '1975-10-14', 'President');
insert into Current_heads_of_states (head_of_state_id, first_name, last_name, date_of_birth, title) values (29, 'Antonio', 'Costa', '1952-04-24', 'Prime Minister');
insert into Current_heads_of_states (head_of_state_id, first_name, last_name, date_of_birth, title) values (30, 'Klaus', 'Iohannis', '1982-09-28', 'President');
insert into Current_heads_of_states (head_of_state_id, first_name, last_name, date_of_birth, title) values (31, 'Vladimir', 'Putin', '1952-10-07', 'President');
insert into Current_heads_of_states (head_of_state_id, first_name, last_name, date_of_birth, title) values (32, 'Igor', 'Matovič', '1977-07-19', 'Prime Minister');
insert into Current_heads_of_states (head_of_state_id, first_name, last_name, date_of_birth, title) values (33, 'Moon', 'Jae-in', '1953-04-01', 'President');
insert into Current_heads_of_states (head_of_state_id, first_name, last_name, date_of_birth, title) values (34, 'Pedro', 'Sanchez', '1928-09-14', 'President');
insert into Current_heads_of_states (head_of_state_id, first_name, last_name, date_of_birth, title) values (35, 'Stefan', 'Lofven', '1971-04-18', 'Prime Minister');
insert into Current_heads_of_states (head_of_state_id, first_name, last_name, date_of_birth, title) values (36, 'Guy', 'Palmelin', '1966-02-24', 'President');
insert into Current_heads_of_states (head_of_state_id, first_name, last_name, date_of_birth, title) values (37, 'Recep Tayyip', 'Erdoğan', '1954-06-22', 'President');
insert into Current_heads_of_states (head_of_state_id, first_name, last_name, date_of_birth, title) values (38, 'Volodymyr', 'Zelensky', '1979-08-27', 'President');
insert into Current_heads_of_states (head_of_state_id, first_name, last_name, date_of_birth, title) values (39, 'Sheikh Khalifa bin Zayed', 'Al Nahyan', '1948-12-31', 'President');
insert into Current_heads_of_states (head_of_state_id, first_name, last_name, date_of_birth, title) values (40, 'Boris', 'Jonson', '1964-07-31', 'Prime Minister');
insert into Current_heads_of_states (head_of_state_id, first_name, last_name, date_of_birth, title) values (41, 'Joe', 'Biden', '1942-11-20', 'President');
insert into Current_heads_of_states (head_of_state_id, first_name, last_name, date_of_birth, title) values (42, 'Abdrabbuh', 'Mansur Handi', '1945-06-03', 'President');
insert into Current_heads_of_states (head_of_state_id, first_name, last_name, date_of_birth, title) values (43, 'Nerendra', 'Modi', '1950-01-22', 'Prime Minister');
insert into Current_heads_of_states (head_of_state_id, first_name, last_name, date_of_birth, title) values (44, 'Alberto', 'Fernandez', '1959-06-02', 'President');
insert into Current_heads_of_states (head_of_state_id, first_name, last_name, date_of_birth, title) values (45, 'Andrej', 'Plenković', '1975-09-01', 'Prime Minister');
insert into Current_heads_of_states (head_of_state_id, first_name, last_name, date_of_birth, title) values (46, 'Qasym-Zhomar', 'Toqaev', '1953-11-05', 'President');



insert into Country_general (country_id, name, population, area, currency_id, head_of_state_id, language_id, continent_id) values (1, 'France', 42271314, 331691, 1, 12, 12, 3);
insert into Country_general (country_id, name, population, area, currency_id, head_of_state_id, language_id, continent_id) values (2, 'China', 53470203, 595866, 19, 7, 3, 1);
insert into Country_general (country_id, name, population, area, currency_id, head_of_state_id, language_id, continent_id) values (3, 'Montenegro', 33687417, 589480, 1, 20, null, 3);
insert into Country_general (country_id, name, population, area, currency_id, head_of_state_id, language_id, continent_id) values (4, 'USA', 97564015, 517307, 3, 41, 1, 4);
insert into Country_general (country_id, name, population, area, currency_id, head_of_state_id, language_id, continent_id) values (5, 'Indonesia', 81861399, 341406, null, null, null, 1);
insert into Country_general (country_id, name, population, area, currency_id, head_of_state_id, language_id, continent_id) values (6, 'Spain', 21581562, 339962, 1, 34, 2, 3);
insert into Country_general (country_id, name, population, area, currency_id, head_of_state_id, language_id, continent_id) values (7, 'Sweeden', 9686588, 152300, null, 35, null, 3);
insert into Country_general (country_id, name, population, area, currency_id, head_of_state_id, language_id, continent_id) values (8, 'Palestinian Territory', 73195322, 638749, null, 26, null, 1);
insert into Country_general (country_id, name, population, area, currency_id, head_of_state_id, language_id, continent_id) values (9, 'Croatia', 18534923, 643753, null, 45, null, 3);
insert into Country_general (country_id, name, population, area, currency_id, head_of_state_id, language_id, continent_id) values (10, 'Russia', 67187369, 360267, 17, 31, 6, 3);
insert into Country_general (country_id, name, population, area, currency_id, head_of_state_id, language_id, continent_id) values (11, 'New Zealand', 66174507, 300242, 13, 23, 1, 6);
insert into Country_general (country_id, name, population, area, currency_id, head_of_state_id, language_id, continent_id) values (12, 'Colombia', 49703908, 535858, 5, 6, 2, 5);
insert into Country_general (country_id, name, population, area, currency_id, head_of_state_id, language_id, continent_id) values (13, 'Tunisia', 62832403, 219265, null, null, 8, 2);
insert into Country_general (country_id, name, population, area, currency_id, head_of_state_id, language_id, continent_id) values (14, 'Kazakhstan', 70176569, 267946, null, 46, null, 1);
insert into Country_general (country_id, name, population, area, currency_id, head_of_state_id, language_id, continent_id) values (15, 'Poland', 76018260, 567982, 15, 28, null, 3);
insert into Country_general (country_id, name, population, area, currency_id, head_of_state_id, language_id, continent_id) values (16, 'Ukraine', 18139598, 391375, null, 38, null, 3);
insert into Country_general (country_id, name, population, area, currency_id, head_of_state_id, language_id, continent_id) values (17, 'Yemen', 42817321, 851295, null, 42, 6, 1);
insert into Country_general (country_id, name, population, area, currency_id, head_of_state_id, language_id, continent_id) values (18, 'South Africa', 65135341, 980854, null, null, 1, 2);
insert into Country_general (country_id, name, population, area, currency_id, head_of_state_id, language_id, continent_id) values (19, 'UAE', 22437708, 998400, null, 39, 8, 1);
insert into Country_general (country_id, name, population, area, currency_id, head_of_state_id, language_id, continent_id) values (20, 'Peru', 6718417, 329334, null, 27, 2, 5);
insert into Country_general (country_id, name, population, area, currency_id, head_of_state_id, language_id, continent_id) values (21, 'Denmark', 68128729, 321266, 7, 9, null, 3);
insert into Country_general (country_id, name, population, area, currency_id, head_of_state_id, language_id, continent_id) values (22, 'Philippines', 52121184, 360012, null, null, null, 1);
insert into Country_general (country_id, name, population, area, currency_id, head_of_state_id, language_id, continent_id) values (23, 'Brazil', 87767521, 428109, null, 3, 7, 5);
insert into Country_general (country_id, name, population, area, currency_id, head_of_state_id, language_id, continent_id) values (24, 'Canada', 80607970, 506729, 4, 4, 1, 4);
insert into Country_general (country_id, name, population, area, currency_id, head_of_state_id, language_id, continent_id) values (25, 'UK', 46328992, 808609, 20, 40, 1, 3);
insert into Country_general (country_id, name, population, area, currency_id, head_of_state_id, language_id, continent_id) values (26, 'South Korea', 51368843, 927477, null, 33, 11, 1);
insert into Country_general (country_id, name, population, area, currency_id, head_of_state_id, language_id, continent_id) values (27, 'Austria', 33229241, 408529, 1, 2, 5, 3);
insert into Country_general (country_id, name, population, area, currency_id, head_of_state_id, language_id, continent_id) values (28, 'Norway', 40659941, 429806, 14, 25, null, 3);
insert into Country_general (country_id, name, population, area, currency_id, head_of_state_id, language_id, continent_id) values (29, 'Italy', 40562300, 320374, 1, 16, 4, 3);
insert into Country_general (country_id, name, population, area, currency_id, head_of_state_id, language_id, continent_id) values (30, 'Germany', 26271091, 930943, 1, 13, 5, 3);
insert into Country_general (country_id, name, population, area, currency_id, head_of_state_id, language_id, continent_id) values (31, 'Slovakia', 40437462, 742927, 1, 32, null, 3);
insert into Country_general (country_id, name, population, area, currency_id, head_of_state_id, language_id, continent_id) values (32, 'Turkey', 66435597, 709394, 18, 37, null, 3);
insert into Country_general (country_id, name, population, area, currency_id, head_of_state_id, language_id, continent_id) values (33, 'Netherlands', 83275625, 742433, 1, 22, null, 3);
insert into Country_general (country_id, name, population, area, currency_id, head_of_state_id, language_id, continent_id) values (34, 'Australia', 60582664, 456290, 2, 1, 1, 6);
insert into Country_general (country_id, name, population, area, currency_id, head_of_state_id, language_id, continent_id) values (35, 'Japan', 93514582, 662618, null, 17, 10, 1);
insert into Country_general (country_id, name, population, area, currency_id, head_of_state_id, language_id, continent_id) values (36, 'Portugal', 28256539, 464328, 1, 29, 7, 3);
insert into Country_general (country_id, name, population, area, currency_id, head_of_state_id, language_id, continent_id) values (37, 'Hungary', 36672697, 537820, null, 15, null, 3);
insert into Country_general (country_id, name, population, area, currency_id, head_of_state_id, language_id, continent_id) values (38, 'Argentina', 13623592, 642710, null, 44, 2, 5);
insert into Country_general (country_id, name, population, area, currency_id, head_of_state_id, language_id, continent_id) values (39, 'India', 44636369, 780522, 8, 43, 9, 1);
insert into Country_general (country_id, name, population, area, currency_id, head_of_state_id, language_id, continent_id) values (40, 'Latvia', 28281477, 810570, 1, 18, null, 3);
insert into Country_general (country_id, name, population, area, currency_id, head_of_state_id, language_id, continent_id) values (41, 'Nigeria', 89707185, 818234, null, 24, 1, 2);
insert into Country_general (country_id, name, population, area, currency_id, head_of_state_id, language_id, continent_id) values (42, 'Iran', 17777941, 973635, null, null, 8, 1);
insert into Country_general (country_id, name, population, area, currency_id, head_of_state_id, language_id, continent_id) values (43, 'Egypt', 10580813, 405895, null, 10, 8, 2);
insert into Country_general (country_id, name, population, area, currency_id, head_of_state_id, language_id, continent_id) values (44, 'Romania', 73957428, 363164, null, 30, null, 3);
insert into Country_general (country_id, name, population, area, currency_id, head_of_state_id, language_id, continent_id) values (45, 'Mexico', 46867993, 938214, null, 19, 2, 4);
insert into Country_general (country_id, name, population, area, currency_id, head_of_state_id, language_id, continent_id) values (46, 'Greece', 10089690, 986609, 1, 14, null, 3);
insert into Country_general (country_id, name, population, area, currency_id, head_of_state_id, language_id, continent_id) values (47, 'Cuba', 88474000, 322211, null, 8, 2, 3);
insert into Country_general (country_id, name, population, area, currency_id, head_of_state_id, language_id, continent_id) values (48, 'Bolgaria', 17682380, 747693, null, null, null, 3);
insert into Country_general (country_id, name, population, area, currency_id, head_of_state_id, language_id, continent_id) values (49, 'Chile', 37877255, 302243, null, 5, 2, 5);
insert into Country_general (country_id, name, population, area, currency_id, head_of_state_id, language_id, continent_id) values (50, 'Nepal', 28380591, 992997, 12, 21, null, 1);


insert into Cities (city_id, name, country_id, area, population) values (1, 'Oslo', 28, 45794, 1246769);
insert into Cities (city_id, name, country_id, area, population) values (2, 'Paris', 1, 22564, 9030481);
insert into Cities (city_id, name, country_id, area, population) values (3, 'London', 25, 59612, 14269957);
insert into Cities (city_id, name, country_id, area, population) values (4, 'Naples', 29, 17034, 10916903);
insert into Cities (city_id, name, country_id, area, population) values (5, 'Milan', 29, 7777, 6159362);
insert into Cities (city_id, name, country_id, area, population) values (6, 'Salt Lake City', 4, 81169, 19541036);
insert into Cities (city_id, name, country_id, area, population) values (7, 'Tokyo', 35, 77371, 12266667);
insert into Cities (city_id, name, country_id, area, population) values (8, 'Rome', 29, 60604, 2898793);
insert into Cities (city_id, name, country_id, area, population) values (9, 'Madrid', 6, 67031, 5337773);
insert into Cities (city_id, name, country_id, area, population) values (10, 'Barselona', 6, 74581, 8785505);
insert into Cities (city_id, name, country_id, area, population) values (11, 'Amsterdam', 33, 36178, 5582903);
insert into Cities (city_id, name, country_id, area, population) values (12, 'Moscow', 10, 69812, 3788078);
insert into Cities (city_id, name, country_id, area, population) values (13, 'Berlin', 30, 47473, 1002478);
insert into Cities (city_id, name, country_id, area, population) values (14, 'Havana', 47, 56463, 16654378);
insert into Cities (city_id, name, country_id, area, population) values (15, 'Lisbon', 36, 77909, 18656004);
insert into Cities (city_id, name, country_id, area, population) values (16, 'Washington', 4, 9704, 15760989);
insert into Cities (city_id, name, country_id, area, population) values (17, 'Los-Angeles', 4, 31255, 8336524);
insert into Cities (city_id, name, country_id, area, population) values (18, 'Ottava', 24, 87817, 10296546);
insert into Cities (city_id, name, country_id, area, population) values (19, 'Toronto', 24, 87239, 1923281);
insert into Cities (city_id, name, country_id, area, population) values (20, 'Mexico', 45, 64809, 19523993);
insert into Cities (city_id, name, country_id, area, population) values (21, 'Beijing', 2, 37930, 1952305);
insert into Cities (city_id, name, country_id, area, population) values (22, 'Deli', 39, 9801, 2164978);
insert into Cities (city_id, name, country_id, area, population) values (23, 'Sydney', 34, 15215, 8406819);
insert into Cities (city_id, name, country_id, area, population) values (24, 'Perth', 34, 24522, 840550);
insert into Cities (city_id, name, country_id, area, population) values (25, 'Bratislava', 31, 95944, 3101239);
insert into Cities (city_id, name, country_id, area, population) values (26, 'Vienna', 27, 25067, 8198248);
insert into Cities (city_id, name, country_id, area, population) values (27, 'Athens', 46, 9726, 19028123);
insert into Cities (city_id, name, country_id, area, population) values (28, 'Sofia', 48, 19315, 170946);
insert into Cities (city_id, name, country_id, area, population) values (29, 'Riga', 40, 69951, 9236862);
insert into Cities (city_id, name, country_id, area, population) values (30, 'Sao Paulo', 23, 21358, 4035503);
insert into Cities (city_id, name, country_id, area, population) values (31, 'Brasilia', 23, 42879, 7746115);
insert into Cities (city_id, name, country_id, area, population) values (32, 'Istanbul', 32, 8148, 2373696);
insert into Cities (city_id, name, country_id, area, population) values (33, 'Ankara', 32, 43486, 7192818);
insert into Cities (city_id, name, country_id, area, population) values (34, 'Budapest', 37, 51200, 18049462);
insert into Cities (city_id, name, country_id, area, population) values (35, 'Nice', 1, 35081, 3734590);
insert into Cities (city_id, name, country_id, area, population) values (36, 'Stockholm', 7, 44512, 2324238);
insert into Cities (city_id, name, country_id, area, population) values (37, 'Sevilla', 6, 6314, 15416736);
insert into Cities (city_id, name, country_id, area, population) values (38, 'Hamburg', 30, 52009, 11773998);
insert into Cities (city_id, name, country_id, area, population) values (39, 'Lagos', 41, 9126, 14359422);
insert into Cities (city_id, name, country_id, area, population) values (40, 'Santiago', 49, 39861, 19962621);
insert into Cities (city_id, name, country_id, area, population) values (41, 'Kathmandu', 50, 37715, 12813393);
insert into Cities (city_id, name, country_id, area, population) values (42, 'Cairo', 43, 99630, 338382);
insert into Cities (city_id, name, country_id, area, population) values (43, '‎Tehran', 42, 80990, 7343023);
insert into Cities (city_id, name, country_id, area, population) values (44, 'Seoul', 26, 59275, 6498238);
insert into Cities (city_id, name, country_id, area, population) values (45, 'Copenhagen', 21, 77766, 18336090);
insert into Cities (city_id, name, country_id, area, population) values (46, 'Warsaw', 15, 13303, 912941);
insert into Cities (city_id, name, country_id, area, population) values (47, 'Sana', 17, 11255, 12860637);
insert into Cities (city_id, name, country_id, area, population) values (48, 'Nur-Sultan', 14, 9893, 19711738);
insert into Cities (city_id, name, country_id, area, population) values (49, 'Wellington', 11, 86791, 14442887);
insert into Cities (city_id, name, country_id, area, population) values (50, 'Abu Dhabi', 19, 88690, 18295091);
insert into Cities (city_id, name, country_id, area, population) values (51, 'Kyiv', 16, 79630, 398682);
insert into Cities (city_id, name, country_id, area, population) values (52, 'New York', 4, 19704, 18760989);


insert into Country_capital (country_id, city_id) values (1, 2);
insert into Country_capital (country_id, city_id) values (2, 21);
insert into Country_capital (country_id, city_id) values (31, 25);
insert into Country_capital (country_id, city_id) values (4, 16);
insert into Country_capital (country_id, city_id) values (35, 7);
insert into Country_capital (country_id, city_id) values (6, 9);
insert into Country_capital (country_id, city_id) values (7, 36);
insert into Country_capital (country_id, city_id) values (36, 15);
insert into Country_capital (country_id, city_id) values (43, 42);
insert into Country_capital (country_id, city_id) values (10, 12);
insert into Country_capital (country_id, city_id) values (11, 49);
insert into Country_capital (country_id, city_id) values (50, 41);
insert into Country_capital (country_id, city_id) values (47, 14);
insert into Country_capital (country_id, city_id) values (14, 48);
insert into Country_capital (country_id, city_id) values (15, 46);
insert into Country_capital (country_id, city_id) values (16, 51);
insert into Country_capital (country_id, city_id) values (17, 47);
insert into Country_capital (country_id, city_id) values (46, 27);
insert into Country_capital (country_id, city_id) values (19, 50);
insert into Country_capital (country_id, city_id) values (40, 29);
insert into Country_capital (country_id, city_id) values (21, 45);
insert into Country_capital (country_id, city_id) values (34, 23);
insert into Country_capital (country_id, city_id) values (23, 31);
insert into Country_capital (country_id, city_id) values (24, 18);
insert into Country_capital (country_id, city_id) values (25, 3);
insert into Country_capital (country_id, city_id) values (26, 44);
insert into Country_capital (country_id, city_id) values (27, 26);
insert into Country_capital (country_id, city_id) values (28, 1);
insert into Country_capital (country_id, city_id) values (29, 8);
insert into Country_capital (country_id, city_id) values (30, 13);
insert into Country_capital (country_id, city_id) values (33, 11);
insert into Country_capital (country_id, city_id) values (37, 34);
insert into Country_capital (country_id, city_id) values (39, 22);
insert into Country_capital (country_id, city_id) values (41, 39);
insert into Country_capital (country_id, city_id) values (42, 43);
insert into Country_capital (country_id, city_id) values (45, 20);
insert into Country_capital (country_id, city_id) values (48, 28);
insert into Country_capital (country_id, city_id) values (49, 40);

INSERT INTO Sights (name, city_id)
VALUES ('Big Ben', 3),
       ('Plaza Mayor', 9),
       ('Estadio Santiago Bernabéu', 9),
       ('Puerta de Alcalá', 9),
       ('Basilica de la Sagrada Familia', 10),
       ('Parc Güell', 10),
       ('Camp Nou', 10),
       ('Kremlin', 12),
       ('Red Square', 12),
       ('The Colosseum', 8),
       ('Vatican City', 8),
       ('The Pantheon', 8),
       ('Statue of Liberty', 52),
       ('Central Park', 52),
       ('Empire State Building', 52),
       ('National Museum of Natural History', 16),
       ('Sydney Opera House', 23),
       ('Sydney Harbour Bridge', 23),
       ('Warsaw Uprising Museum', 46),
       ('Hungarian Parliament Building', 34),
       ('The Red Fort', 22),
       ('Reichstag', 13),
       ('Brandenburg Gate', 13),
       ('Humboldt Forum', 13),
       ('Gendarmenmarkt', 13),
       ('Rijksmuseum', 11),
       ('Anne Frank House', 11),
       ('Museu de Arte', 30),
       ('Teatro Municipal', 30),
       ('CN Tower', 19),
       ('Royal Ontario Museum', 19),
       ('Art Gallery of Ontario', 19),
       ('Toronto Zoo', 19),
       ('Louvre Abu Dhabi', 50),
       ('Eiffel Tower', 2),
       ('Pyramids of Giza', 42),
       ('The Egyptian Museum', 42),
       ('Ponta da Piedade', 39);

INSERT INTO Country_sea (country_id, sea_id)
VALUES (1, 1),
       (6, 1),
       (29, 1),
       (32, 1),
       (46, 1),
       (12, 2),
       (45, 2),
       (47, 2),
       (4, 3),
       (10, 3),
       (10, 4),
       (45, 4),
       (47, 4),
       (10, 5),
       (28, 5),
       (2, 6),
       (5, 6),
       (22, 6),
       (10, 7),
       (26, 7),
       (35, 7);

INSERT INTO Country_ocean (country_id, ocean_id)
VALUES (1, 1),
       (24, 1),
       (4, 1),
       (23, 1),
       (36, 1),
       (25, 1),
       (6, 1),
       (18, 1),
       (24, 2),
       (4, 2),
       (20, 2),
       (49, 2),
       (34, 2),
       (35, 2),
       (11, 2),
       (10, 2),
       (22, 2),
       (39, 3),
       (34, 3),
       (19, 3),
       (5, 3),
       (18, 3),
       (10, 4),
       (24, 4),
       (21, 4),
       (4, 4),
       (3, 5),
       (18, 5),
       (34, 5),
       (11, 5);

INSERT INTO Country_mountain (country_id, mountain_id)
VALUES (50, 1),
       (2, 1),
       (39, 1),
       (2, 2),
       (49, 3),
       (38, 3),
       (49, 4),
       (38, 4),
       (2, 5),
       (24, 6),
       (10, 7),
       (1, 8),
       (29, 8),
       (4, 9),
       (29, 10);
    

